{"cameraMode":{"drawMode":0,"name":"Shaded","section":"Shading Mode"},"sceneLighting":false,"audioPlay":false,"sceneViewState":{"showFog":true,"showMaterialUpdate":false,"showSkybox":true,"showFlares":true,"showImageEffects":true,"showParticleSystems":true},"in2DMode":false,"pivot":{"x":0.42999982833862307,"y":0.47250238060951235,"z":0.0},"rotation":{"x":-0.5064579844474793,"y":0.08559370040893555,"z":-0.05061158537864685,"w":-0.8565118312835693},"size":20.142988204956056,"orthographic":false}